{"cameraMode":{"drawMode":0,"name":"Shaded","section":"Shading Mode"},"sceneLighting":false,"audioPlay":false,"sceneViewState":{"m_AlwaysRefresh":false,"showFog":true,"showSkybox":false,"showFlares":true,"showImageEffects":true,"showParticleSystems":true,"showVisualEffectGraphs":true,"m_FxEnabled":true},"in2DMode":false,"pivot":{"x":9.961466789245606,"y":4.062270164489746,"z":4.485538005828857},"rotation":{"x":0.0007650968036614358,"y":0.7656814455986023,"z":0.0009123550844378769,"w":-0.6432238221168518},"size":1.7310360670089722,"orthographic":false}