{"cameraMode":{"drawMode":0,"name":"Shaded","section":"Shading Mode"},"sceneLighting":true,"audioPlay":false,"sceneViewState":{"m_AlwaysRefresh":false,"showFog":true,"showSkybox":true,"showFlares":true,"showImageEffects":true,"showParticleSystems":true,"showVisualEffectGraphs":true,"m_FxEnabled":true},"in2DMode":false,"pivot":{"x":8.052339553833008,"y":2.88798189163208,"z":-7.502437114715576},"rotation":{"x":-0.1674865186214447,"y":-0.018634138628840448,"z":0.0031664357520639898,"w":-0.9856935143470764},"size":1.8500529527664185,"orthographic":false}