{"cameraMode":{"drawMode":0,"name":"Shaded","section":"Shading Mode"},"sceneLighting":false,"audioPlay":false,"sceneViewState":{"m_AlwaysRefresh":false,"showFog":true,"showSkybox":false,"showFlares":true,"showImageEffects":true,"showParticleSystems":true,"showVisualEffectGraphs":true,"m_FxEnabled":true},"in2DMode":false,"pivot":{"x":-0.7312746047973633,"y":2.420741081237793,"z":0.4171658456325531},"rotation":{"x":-0.000218356100958772,"y":0.7090134024620056,"z":-0.00021934646065346897,"w":-0.7051967978477478},"size":1.9070243835449219,"orthographic":true}